0,0x6d19568a959fcb4211852f6472d3df7b67c6cd54
1,0x684e4ed51d350b4d76a3a07864df572d24e6dc4c
2,0x34d85c9cdeb23fa97cb08333b511ac86e1c4e258
3,0x1792a96e5668ad7c167ab804a100ce42395ce54d
4,0x4591c791790f352685a29111eca67abdc878863e
5,0x60e4d786628fea6478f785a6d7e704777c86a7c6
6,0x39ee2c7b3cb80254225884ca001f57118c8f21b6
7,0x1fd468114d46b0315b702e8a332ff0a7d242d61d
8,0x57f1887a8bf19b14fc0df6fd9b2acc9af147ea85
9,0xa7d8d9ef8d8ce8992df33d8b8cf4aebabd5bd270
10,0xbc4ca0eda7647a8ab7c2061c2e118a18a936f13d
